Nurse_ID,Nurse_Name,Hospital_ID
N001,Rohit Sharma,H014
N002,Ritu Singh,H014
N003,Anjali Sinha,H015
N004,Vikram Reddy,H006
N005,Deepak Sinha,H009
N006,Ayesha Joshi,H018
N007,Ritu Nair,H014
N008,Abhishek Patel,H011
N009,Pooja Mishra,H003
N010,Arjun Roy,H015
N011,Pooja Joshi,H015
N012,Abhishek Das,H022
N013,Nikhil Gupta,H001
N014,Ritu Mishra,H011
N015,Neha Nair,H007
N016,Anjali Joshi,H009
N017,Rohit Patel,H020
N018,Arjun Iyer,H001
N019,Deepak Verma,H003
N020,Pooja Yadav,H014
N021,Ritu Iyer,H025
N022,Pooja Yadav,H016
N023,Ritu Nair,H001
N024,Rahul Patel,H008
N025,Nikhil Yadav,H008
N026,Kavita Sinha,H019
N027,Anjali Nair,H018
N028,Deepak Gupta,H014
N029,Shreya Gupta,H012
N030,Sanjay Patel,H010
N031,Arjun Verma,H004
N032,Ankit Gupta,H004
N033,Shreya Joshi,H023
N034,Neha Verma,H007
N035,Ritu Patel,H024
N036,Abhishek Joshi,H017
N037,Ayesha Patel,H004
N038,Ankit Patel,H008
N039,Anjali Kumar,H010
N040,Amit Yadav,H018
N041,Vikram Patel,H002
N042,Priya Iyer,H010
N043,Vikram Sinha,H025
N044,Ritu Singh,H001
N045,Abhishek Patel,H016
N046,Ritu Nair,H011
N047,Neha Sharma,H009
N048,Ritu Singh,H003
N049,Nikhil Nair,H003
N050,Abhishek Sinha,H022
N051,Priya Kumar,H005
N052,Abhishek Patel,H003
N053,Pooja Singh,H018
N054,Meera Das,H020
N055,Ayesha Verma,H025
N056,Deepak Reddy,H015
N057,Sanjay Patel,H019
N058,Meera Patel,H019
N059,Ayesha Sharma,H020
N060,Sneha Joshi,H007
N061,Ankit Patel,H022
N062,Rahul Kumar,H008
N063,Neha Iyer,H003
N064,Neha Sharma,H014
N065,Sanjay Yadav,H020
N066,Ritu Patel,H002
N067,Pooja Patel,H023
N068,Kavita Yadav,H015
N069,Rahul Sinha,H008
N070,Arjun Joshi,H021
N071,Abhishek Sinha,H007
N072,Meera Singh,H018
N073,Pooja Sinha,H005
N074,Arjun Mishra,H005
N075,Rahul Sharma,H006
N076,Kavita Das,H024
N077,Abhishek Roy,H010
N078,Sanjay Singh,H015
N079,Kavita Yadav,H013
N080,Arjun Iyer,H018
N081,Ritu Nair,H003
N082,Ayesha Sharma,H014
N083,Rohit Das,H009
N084,Amit Singh,H008
N085,Abhishek Das,H001
N086,Arjun Das,H002
N087,Neha Nair,H017
N088,Sanjay Roy,H009
N089,Neha Das,H014
N090,Ritu Singh,H016
N091,Anjali Reddy,H011
N092,Rohit Sinha,H004
N093,Neha Gupta,H014
N094,Ritu Patel,H022
N095,Nikhil Mishra,H025
N096,Shreya Sharma,H015
N097,Rahul Gupta,H009
N098,Rohit Singh,H025
N099,Nikhil Mishra,H017
N100,Amit Sinha,H018
N101,Sanjay Reddy,H002
N102,Ankit Iyer,H012
N103,Ayesha Joshi,H016
N104,Sanjay Joshi,H002
N105,Ankit Patel,H018
N106,Vikram Roy,H010
N107,Sanjay Roy,H023
N108,Ritu Singh,H001
N109,Ayesha Joshi,H008
N110,Neha Patel,H018
N111,Amit Iyer,H014
N112,Rahul Verma,H004
N113,Sanjay Singh,H021
N114,Vikram Nair,H023
N115,Kavita Iyer,H023
N116,Arjun Reddy,H016
N117,Ritu Verma,H015
N118,Shreya Kumar,H013
N119,Ankit Roy,H020
N120,Deepak Yadav,H005
N121,Rahul Patel,H025
N122,Meera Gupta,H017
N123,Arjun Mishra,H001
N124,Kavita Yadav,H010
N125,Abhishek Das,H022
N126,Ritu Mishra,H005
N127,Sanjay Iyer,H016
N128,Anjali Gupta,H018
N129,Shreya Reddy,H015
N130,Rohit Mishra,H007
N131,Pooja Das,H013
N132,Pooja Mishra,H025
N133,Meera Sharma,H011
N134,Ritu Yadav,H013
N135,Nikhil Sinha,H021
N136,Vikram Nair,H002
N137,Vikram Iyer,H019
N138,Rohit Mishra,H004
N139,Sanjay Singh,H017
N140,Sanjay Sharma,H024
N141,Vikram Reddy,H021
N142,Vikram Singh,H016
N143,Arjun Gupta,H020
N144,Nikhil Sinha,H003
N145,Rohit Mishra,H022
N146,Shreya Reddy,H011
N147,Ritu Mishra,H018
N148,Priya Das,H003
N149,Pooja Sinha,H022
N150,Kavita Verma,H024
N151,Rahul Reddy,H004
N152,Sneha Nair,H006
N153,Kavita Roy,H001
N154,Priya Gupta,H002
N155,Kavita Gupta,H012
N156,Meera Kumar,H008
N157,Deepak Reddy,H019
N158,Neha Kumar,H006
N159,Rahul Das,H013
N160,Ayesha Sinha,H008
N161,Ritu Roy,H019
N162,Vikram Verma,H015
N163,Arjun Nair,H009
N164,Amit Roy,H015
N165,Kavita Sinha,H018
N166,Neha Singh,H015
N167,Anjali Das,H010
N168,Meera Yadav,H009
N169,Sanjay Mishra,H010
N170,Ankit Reddy,H016
N171,Sneha Verma,H013
N172,Abhishek Gupta,H019
N173,Kavita Yadav,H010
N174,Amit Mishra,H022
N175,Nikhil Patel,H001
N176,Abhishek Mishra,H022
N177,Priya Roy,H020
N178,Ritu Mishra,H010
N179,Pooja Das,H012
N180,Pooja Sinha,H007
N181,Ayesha Patel,H022
N182,Vikram Sinha,H004
N183,Priya Patel,H015
N184,Priya Das,H012
N185,Vikram Singh,H010
N186,Rohit Yadav,H014
N187,Neha Verma,H005
N188,Shreya Roy,H012
N189,Deepak Iyer,H009
N190,Neha Patel,H016
N191,Kavita Yadav,H011
N192,Sneha Nair,H003
N193,Vikram Joshi,H008
N194,Nikhil Mishra,H018
N195,Anjali Singh,H013
N196,Amit Patel,H018
N197,Sneha Nair,H012
N198,Arjun Das,H013
N199,Anjali Singh,H022
N200,Pooja Nair,H001
N201,Ayesha Roy,H018
N202,Rohit Roy,H020
N203,Pooja Sinha,H003
N204,Sanjay Roy,H023
N205,Kavita Sinha,H014
N206,Sneha Kumar,H002
N207,Priya Patel,H016
N208,Sneha Singh,H008
N209,Shreya Kumar,H013
N210,Sanjay Gupta,H022
N211,Shreya Reddy,H019
N212,Vikram Roy,H014
N213,Sneha Mishra,H016
N214,Ayesha Reddy,H009
N215,Priya Yadav,H012
N216,Ankit Nair,H015
N217,Pooja Mishra,H012
N218,Sneha Sinha,H012
N219,Shreya Roy,H021
N220,Anjali Sharma,H013
N221,Arjun Verma,H004
N222,Sanjay Singh,H022
N223,Ankit Sinha,H021
N224,Ayesha Sharma,H002
N225,Rohit Verma,H005
N226,Abhishek Verma,H003
N227,Shreya Verma,H019
N228,Ankit Mishra,H008
N229,Rohit Joshi,H005
N230,Ayesha Sharma,H009
N231,Vikram Kumar,H018
N232,Arjun Joshi,H006
N233,Sneha Sinha,H001
N234,Vikram Sharma,H012
N235,Pooja Das,H011
N236,Amit Kumar,H009
N237,Priya Kumar,H024
N238,Meera Iyer,H004
N239,Rahul Nair,H015
N240,Anjali Iyer,H019
N241,Sneha Nair,H017
N242,Pooja Das,H002
N243,Deepak Patel,H015
N244,Amit Sharma,H016
N245,Nikhil Reddy,H022
N246,Sneha Nair,H023
N247,Sanjay Singh,H003
N248,Rohit Das,H005
N249,Rahul Kumar,H009
N250,Ayesha Sinha,H019
N251,Shreya Yadav,H011
N252,Nikhil Das,H017
N253,Kavita Nair,H017
N254,Ayesha Reddy,H004
N255,Sneha Mishra,H021
N256,Shreya Yadav,H007
N257,Meera Nair,H008
N258,Meera Gupta,H015
N259,Nikhil Reddy,H024
N260,Sneha Gupta,H014
N261,Rohit Sinha,H009
N262,Anjali Kumar,H022
N263,Ritu Singh,H003
N264,Rahul Singh,H014
N265,Sneha Yadav,H024
N266,Anjali Joshi,H005
N267,Shreya Sharma,H019
N268,Shreya Iyer,H011
N269,Sneha Reddy,H012
N270,Meera Mishra,H024
N271,Priya Patel,H020
N272,Kavita Gupta,H004
N273,Abhishek Iyer,H007
N274,Vikram Sinha,H016
N275,Pooja Mishra,H004
N276,Anjali Mishra,H018
N277,Anjali Singh,H025
N278,Arjun Das,H008
N279,Meera Mishra,H018
N280,Ayesha Das,H022
N281,Shreya Sharma,H020
N282,Arjun Sharma,H006
N283,Arjun Yadav,H025
N284,Kavita Roy,H011
N285,Anjali Sharma,H006
N286,Vikram Das,H022
N287,Nikhil Singh,H005
N288,Amit Singh,H024
N289,Deepak Verma,H013
N290,Meera Nair,H011
N291,Neha Gupta,H010
N292,Rohit Joshi,H019
N293,Ayesha Singh,H002
N294,Vikram Kumar,H025
N295,Ayesha Sharma,H022
N296,Rahul Patel,H015
N297,Meera Nair,H020
N298,Sanjay Reddy,H009
N299,Ankit Joshi,H017
N300,Sneha Gupta,H014
